key,key:spokesperson,ticker,name,description,startMoment,endMoment,moreInfo,draftMode
#base-entity
campaign-01,spokesperson-01,CA25-abcde,"Launch teaser campaign","Teaser campaign to introduce the product and collect early sign-ups.",2100/01/01 10:00,2100/02/01 10:00,https://example.com/campaigns/alpha,true
#ticker
campaign-02,spokesperson-01,AB12-abcde,"Social proof sprint","Short burst focused on testimonials, ratings, and trust signals.",2100/02/05 09:00,2100/03/05 09:00,https://example.com/campaigns/social-proof,true
campaign-03,spokesperson-01,XY99-ABCDE,"Community engagement","Community building via polls, Q&A sessions, and weekly highlights.",2100/03/10 12:00,2100/04/10 12:00,https://example.com/campaigns/community,true
campaign-04,spokesperson-01,ZZ00-12345,"Newsletter growth","Drive newsletter subscriptions with lead magnets and segmented landing pages.",2100/04/15 08:30,2100/05/15 08:30,https://example.com/campaigns/newsletter,true
campaign-05,spokesperson-01,AA11-a1b2c3,"Referral push","Referral program rollout with tracking links and bonus incentives.",2100/05/20 11:00,2100/06/20 11:00,https://example.com/campaigns/referral,true
campaign-06,spokesperson-01,QW34-abc_12,"Retargeting month","Warm-audience retargeting with sequential creatives and frequency caps.",2100/06/25 10:00,2100/07/25 10:00,https://example.com/campaigns/retarget,true
campaign-07,spokesperson-01,RT56-abcdefghij,"SEO content series","Publish pillar pages and supporting posts optimized for conversion.",2100/07/30 09:00,2100/08/30 09:00,https://example.com/campaigns/seo-series,true
#name
campaign-08,spokesperson-01,CB25-fghij,L,"Very short title to exercise the lower bound of headers.",2100/09/01 10:00,2100/10/01 10:00,https://example.com/campaigns/min-title,true
campaign-09,spokesperson-01,CC25-klmno,Lo,"Short title variant with valid header length.",2100/10/05 10:00,2100/11/05 10:00,https://example.com/campaigns/min-title-2,true
campaign-10,spokesperson-01,CD25-pqrst,"Lorem ipsum dolor sit amet, consectetur adipiscing elit. Sed do eiusmod t","Long header near the maximum length (75) to exercise limits.",2100/11/10 16:00,2100/12/10 16:00,https://example.com/campaigns/long-title,true
campaign-11,spokesperson-01,CE25-uvwxy,"Campaña otoño – edición España","Localized title with accents, punctuation and dash.",2101/01/10 09:00,2101/02/10 09:00,https://example.com/campaigns/es-otono,true
campaign-12,spokesperson-01,CF25-zabcd,โลเร็ม อิปซัม,"Title in Thai to validate Unicode handling.",2101/02/15 09:00,2101/03/15 09:00,https://example.com/campaigns/th-title,true
campaign-13,spokesperson-01,CG25-efghi,لوريم إيبسوم,"Title in Arabic to validate Unicode handling.",2101/03/20 10:00,2101/04/20 10:00,https://example.com/campaigns/ar-title,true
campaign-14,spokesperson-01,CH25-jklmn,洛伦·伊普森,"Title in Chinese to validate Unicode handling.",2101/04/25 09:30,2101/05/25 09:30,https://example.com/campaigns/zh-title,true
campaign-15,spokesperson-01,CI25-opqrs,<marquee>Hacked</marquee>,"Title includes HTML-like text to test UI escaping.",2101/06/01 11:00,2101/07/01 11:00,https://example.com/campaigns/html-title,true
campaign-16,spokesperson-01,CJ25-tuvwx,<script>alert(‘Hacked!’);</script>,"Title includes script-like text to test UI escaping.",2101/07/05 10:00,2101/08/05 10:00,https://example.com/campaigns/script-title,true
campaign-17,spokesperson-01,CK25-yz012,' or 'A' = 'A,"Title includes SQL-like text to test UI escaping.",2101/08/10 09:00,2101/09/10 09:00,https://example.com/campaigns/sql-title,true
#description
campaign-18,spokesperson-01,CL25-34567,"Story-first campaign",L,2101/09/15 10:00,2101/10/15 10:00,https://example.com/campaigns/desc-min,true
campaign-19,spokesperson-01,CM25-890ab,"Technical campaign",Lo,2101/10/20 10:00,2101/11/20 10:00,https://example.com/campaigns/desc-min-2,true
campaign-20,spokesperson-01,CN25-cdefg,"Accessibility campaign","Long description near 255 characters: measurable goals, clear CTA, consistent visuals, and analytics instrumentation (events, funnels, UTM). Includes punctuation and symbols to validate storage & rendering end-to-end.",2101/11/25 10:00,2101/12/25 10:00,https://example.com/campaigns/desc-max,true
campaign-21,spokesperson-01,CO25-hijkl,"International rollout",โลเร็ม อิปซัม,2102/01/10 09:00,2102/02/10 09:00,https://example.com/campaigns/desc-th,true
campaign-22,spokesperson-01,CP25-mnopq,"Press outreach",لوريم إيبسوم,2102/02/15 10:00,2102/03/15 10:00,https://example.com/campaigns/desc-ar,true
campaign-23,spokesperson-01,CQ25-rstuv,"Event sponsorship",洛伦·伊普森,2102/03/20 10:00,2102/04/20 10:00,https://example.com/campaigns/desc-zh,true
campaign-24,spokesperson-01,CR25-wxyza,"Case study rollout",<marquee>Hacked</marquee>,2102/04/25 09:00,2102/05/25 09:00,https://example.com/campaigns/desc-html,true
campaign-25,spokesperson-01,CS25-bcdef,"Video ads pack",<script>alert(‘Hacked!’);</script>,2102/06/01 10:00,2102/07/01 10:00,https://example.com/campaigns/desc-script,true
campaign-26,spokesperson-01,CT25-ghijk,"Onboarding refresh",' or 'A' = 'A,2102/07/05 10:00,2102/08/05 10:00,https://example.com/campaigns/desc-sql,true
#startMoment + endMoment (future + valid interval)
campaign-27,spokesperson-01,CU25-lmnop,"One-week sprint","Short campaign window to validate tight intervals.",2103/01/01 00:01,2103/01/08 00:01,https://example.com/campaigns/sprint,true
campaign-28,spokesperson-01,CV25-qrstu,"Same-day release","A same-day campaign with a minimal (1 minute) valid interval.",2103/02/01 10:00,2103/02/01 10:01,https://example.com/campaigns/same-day,true
campaign-29,spokesperson-01,CW25-vwxyz,"Multi-month plan","Longer campaign interval to validate duration handling.",2103/03/01 10:00,2103/08/01 10:00,https://example.com/campaigns/quarter,true
#moreInfo (optional + valid URLs)
campaign-30,spokesperson-01,CX25-01234,"No extra info","Campaign that omits the optional URL field (should be accepted).",2103/09/01 10:00,2103/10/01 10:00,,true
campaign-31,spokesperson-01,CY25-56789,"UTM example","URL includes query parameters to validate persistence and display.",2103/10/05 10:00,2103/11/05 10:00,https://www.example.com/campaigns/utm?src=web&utm_campaign=cy25&utm_medium=cpc,true
campaign-32,spokesperson-01,CZ25-abcd1,"Long URL path","Very long but valid URL to validate max-length handling in persistence.",2103/11/10 10:00,2103/12/10 10:00,"https://www.example.com/a/b/c/d/e/f/g/h/i/j/k/l/m/n/o/p/q/r/s/t/u/v/w/x/y/z/very-long-path",true